mutant,esmif1_ll
F1I,-1.094620983052698
F1L,-1.0917538471103454
F1Y,-1.0883892367345205
F1V,-1.0901076038431676
F1S,-1.08815760642105
T2A,-1.137843161636258
T2N,-1.1255739579289596
T2P,-1.181420936347535
T2S,-1.1079965911296583
T2I,-1.1657557517105008
L3F,-1.1066739100106755
L3H,-1.1383572217100155
L3I,-1.1012503108622864
L3P,-1.125245467476223
L3R,-1.1226612351695944
L3V,-1.1014711368157997
I4F,-1.1229713392553862
I4M,-1.11016239142566
I4N,-1.134404531917217
I4L,-1.0929677264290567
I4T,-1.114954504167071
I4V,-1.0970338620014073
E5V,-1.1845854765139752
E5Q,-1.1202847498544255
E5K,-1.1442836974718555
E5D,-1.1137525665093653
E5G,-1.1560028265722049
E5A,-1.1614306905995244
L6R,-1.1462699937524263
L6Q,-1.1472090253178375
L6P,-1.171631617575699
L6V,-1.0867583470314923
L6M,-1.1100850549543866
M7V,-1.1102804811844915
M7T,-1.1124169959785035
M7R,-1.1399289717585404
M7I,-1.110410133503979
M7K,-1.1399831831085017
M7L,-1.081813456849282
I8M,-1.1371134882387908
I8N,-1.177806404066382
I8V,-1.0889483149747672
I8S,-1.1502581294278922
I8F,-1.1679587038407415
I8T,-1.1192290501564923
V9E,-1.1710997397855205
V9G,-1.1179855062354425
V9M,-1.1350218020610927
V9L,-1.123503785696089
V9A,-1.08578187930658
I10T,-1.1094206815921002
I10F,-1.1209716796875
I10L,-1.088960920061384
I10M,-1.1031803107409743
I10N,-1.1737392259680706
I10V,-1.071814495584239
A11V,-1.1240941397151591
A11T,-1.105962149104717
A11S,-1.0889592141098117
A11G,-1.0782358868521933
A11D,-1.1968948648583075
A11P,-1.1916430929432744
I12T,-1.134167878524117
I12V,-1.094481947999563
I12M,-1.127001270744371
I12N,-1.1959691965802115
I12L,-1.1157800899529309
I12F,-1.1458740234375
V13L,-1.0853927327979425
V13I,-1.0781910582358794
V13F,-1.123222019361413
V13D,-1.2167606709166343
V13A,-1.0991971981451378
G14V,-1.1879403250558036
G14S,-1.1224512135760385
G14A,-1.1224550993546196
G14C,-1.1619996254488547
G14D,-1.2284591390479425
G14R,-1.2179995708584046
I15T,-1.1200190952845983
I15F,-1.1380929887664983
I15N,-1.179125009856609
I15S,-1.1455616447496118
I15V,-1.0800303583559785
L16M,-1.1029653608428769
L16S,-1.1270859996724574
L16F,-1.1077332111619274
L16W,-1.1472725246263586
L16V,-1.1079131890527951
A17S,-1.097758038443808
A17T,-1.0961760526858502
A17V,-1.0980823587927018
A17G,-1.0998280211265044
A17P,-1.1957198433254077
A17E,-1.1740768148291925
A18G,-1.1099349312160327
A18P,-1.2146945740125197
A18V,-1.1610177555439636
A18E,-1.1830726765697788
A18S,-1.115991533172797
A18T,-1.1396145080187303
V19F,-1.1009121533506403
V19D,-1.166477558775718
V19I,-1.0890037584008638
V19L,-1.0920286948636453
V19A,-1.097752731038917
A20G,-1.1217447600749708
A20D,-1.201415446974476
A20P,-1.215453343361801
A20S,-1.098869276342925
A20T,-1.136866599136258
A20V,-1.1851133737504853
L21V,-1.083047144161248
L21R,-1.126097874611801
L21P,-1.2113575431871118
L21I,-1.074718593810656
L21H,-1.1282588413783483
L21F,-1.093710952664014
P22A,-1.1901603367017664
P22H,-1.2064163492333075
P22L,-1.218931209967003
P22R,-1.1868485160495923
P22S,-1.1807277513586956
P22T,-1.1840856327033191
A23G,-1.0884416473578222
A23P,-1.1674016158773293
A23D,-1.1363565196161685
A23S,-1.0835478409476902
A23T,-1.1012352416233986
A23V,-1.1114720883576763
Y24H,-1.117942194020526
Y24C,-1.1506495505386258
Y24D,-1.195128825880726
Y24S,-1.1480553668478262
Y24N,-1.1574736411527078
Y24F,-1.0912742851683812
Q25R,-1.1008541509971856
Q25H,-1.1208250626273777
Q25P,-1.205811589400961
Q25L,-1.1085877981245147
Q25K,-1.1105279389375484
Q25E,-1.098537089661782
D26Y,-1.1412926904903435
D26V,-1.1216011758176436
D26N,-1.0921534188785909
D26H,-1.1268446075249905
D26G,-1.1254954841566382
D26E,-1.107793867217828
Y27F,-1.0979731778920807
Y27S,-1.1195165029964091
Y27N,-1.12429364127402
Y27H,-1.1077132136184975
Y27C,-1.159191250060656
Y27D,-1.153565211325699
T28S,-1.082756279418187
T28R,-1.1022848757157415
T28P,-1.204798538492333
T28K,-1.109406086228649
T28I,-1.1083554096103454
T28A,-1.0871951654090644
A29T,-1.1625667595715257
A29S,-1.1183338994565215
A29P,-1.1904281710986024
A29V,-1.1902000474633638
A29G,-1.0957150666610054
A29D,-1.1476326699582686
R30P,-1.17239683163092
R30S,-1.107694069050854
R30L,-1.1441153769167314
R30H,-1.126859108113354
R30C,-1.1494843856148098
A31P,-1.1843156518403046
A31S,-1.0731618182259317
A31G,-1.101575105086617
A31V,-1.1103019003542314
A31E,-1.1166201763271546
A31T,-1.0844329454884023
Q32R,-1.1501868585622088
Q32L,-1.1707242408894605
Q32K,-1.1376829917386453
Q32H,-1.1546837469065412
Q32E,-1.11905210506842
V33L,-1.1628910799204193
V33I,-1.1299889605978262
V33G,-1.184811988972729
V33F,-1.182312769919449
V33D,-1.1817991837211277
V33A,-1.145040381769216
S34Y,-1.1367625360903533
S34A,-1.1008623964297846
S34C,-1.1349938434103262
S34F,-1.152250301763878
S34P,-1.1700687763853843
S34T,-1.0870788763768924
E35A,-1.1225022973481171
E35V,-1.126255959457492
E35Q,-1.0965688006478067
E35K,-1.1258653913225447
E35G,-1.114776895653387
E35D,-1.1041395293999905
A36D,-1.181882017147467
A36G,-1.0846677033797554
A36T,-1.1623055594308036
A36P,-1.200968961537995
A36S,-1.1227646347898874
A36V,-1.1647093399711277
I37N,-1.1619547020574534
I37V,-1.1099524646071914
I37T,-1.1436390373277368
I37L,-1.1164844584020768
I37M,-1.1270264809176047
I37F,-1.1496763999417705
L38F,-1.096097389363354
L38H,-1.0924134817182647
L38I,-1.1057697556774069
L38P,-1.1413170476877912
L38R,-1.0846980314077057
L38V,-1.0993263765891887
L39F,-1.1344764662085112
L39W,-1.1455343495244563
L39S,-1.137443779418187
L39M,-1.1090081256368889
A40S,-1.1172959226999224
A40P,-1.20526729607434
A40V,-1.1755446913819876
A40G,-1.105787952494177
A40T,-1.1572745186941964
A40D,-1.1998423700747285
E41A,-1.1243705038698564
E41V,-1.1269708479413334
E41G,-1.1479414471928375
E41K,-1.1309772752086569
E41Q,-1.095008044509414
E41D,-1.124213366775039
G42C,-1.1446894296207784
G42V,-1.130243052606997
G42S,-1.090637396581425
G42R,-1.1073879455187303
G42D,-1.1016767039802504
G42A,-1.0900971785835598
Q43P,-1.177843555900621
Q43R,-1.0959139047942548
Q43L,-1.1062992640904017
Q43K,-1.089561130689538
Q43H,-1.122519546414014
Q43E,-1.0981938142954193
K44Q,-1.0958589352435948
K44N,-1.1298653738839286
K44I,-1.1171979252596078
K44E,-1.1151308806046196
K44T,-1.1042326933108502
K44R,-1.096131129294449
S45T,-1.065538299750097
S45P,-1.1647431746773098
S45L,-1.0953211813980008
A46P,-1.1738636656577544
A46S,-1.0915256287000197
A46T,-1.1300758693529211
A46V,-1.1527768721491654
A46G,-1.1401579483695652
A46D,-1.1113813885990875
V47L,-1.1607005433266206
V47I,-1.1368916197593169
V47G,-1.1613020808059975
V47F,-1.1822847164935948
V47D,-1.1547811756963315
V47A,-1.1061160638465644
T48R,-1.119340221333948
T48S,-1.087145313713121
T48P,-1.1986880095108696
T48K,-1.1088983760857434
T48I,-1.1552395080187303
T48A,-1.1051425341493597
E49V,-1.1152328585986024
E49K,-1.100551249818032
E49Q,-1.086998791428086
E49D,-1.0891750169836956
E49A,-1.099568621712442
E49G,-1.1307477299471078
Y50C,-1.161594746275718
Y50H,-1.1001903462854232
Y50N,-1.132609870863257
Y50S,-1.1522666030789015
Y51N,-1.1048987726247088
Y51H,-1.093294131829872
Y51F,-1.0837469634062016
Y51C,-1.1157571543817937
Y51S,-1.08554380428717
L52R,-1.1185764289050368
L52V,-1.1324739633880048
L52Q,-1.111940940714771
L52M,-1.1030518904976223
L52P,-1.2007679435777368
N53T,-1.08837890625
N53S,-1.0877664696355784
N53K,-1.0832237101489712
N53I,-1.1172325181664888
N53D,-1.0897050940472146
N53Y,-1.1170627759850544
H54D,-1.1109046699097438
H54L,-1.118287459663723
H54N,-1.0680810205684683
H54Q,-1.0873003657560172
H54R,-1.0913233786636258
H54Y,-1.094395607894992
H54P,-1.176011363912073
G55S,-1.121553693498884
G55A,-1.1329802519046002
G55C,-1.1691600728479232
G55D,-1.132945564222632
G55V,-1.164747913431677
G55R,-1.133277656128688
E56G,-1.1175928530485737
E56D,-1.1024870309770478
E56K,-1.0836117193565606
E56Q,-1.0794558317764946
E56V,-1.0710357286915275
E56A,-1.0901424810753106
W57R,-1.1196450180148485
W57S,-1.1132624845327057
W57G,-1.1416459172408773
W57C,-1.122667206000097
W57L,-1.117885802843556
P58T,-1.179364696052504
P58R,-1.1833981342197204
P58L,-1.1850929023316188
P58H,-1.1867281516886643
P58A,-1.12307293814902
P58S,-1.1446554053644216
G59V,-1.0685246627523293
G59A,-1.0536705633127912
G59C,-1.11337119155789
G59S,-1.064644475901349
G59R,-1.075610996033094
G59D,-1.083015204956813
D60V,-1.150815406941479
D60E,-1.129528164123156
D60H,-1.149015438482628
D60N,-1.081950975501019
D60Y,-1.1500825111910422
D60G,-1.1346864878020673
D60A,-1.1182235812548524
N61T,-1.1702461953488936
N61D,-1.126098443262325
N61H,-1.174579501892469
N61I,-1.189386877213946
N61S,-1.1559334512082686
N61Y,-1.1943478791610054
N61K,-1.176458323223991
S62R,-1.106809627935753
S62N,-1.0913800541658578
S62I,-1.1079912837247672
S62G,-1.102849450911054
S62C,-1.1256736613208462
S62T,-1.0815651461204387
S63C,-1.1319617988159938
S63P,-1.1610674176897322
S63Y,-1.1173323163334627
S63F,-1.1219401863050755
S63T,-1.1007870502353454
A64D,-1.1847689610830745
A64G,-1.1309452412291343
A64P,-1.1985860315168866
A64S,-1.135306411648389
A64T,-1.1889113906007376
A64V,-1.1916376907632955
G65A,-1.1733691292519894
G65V,-1.1998163069257084
G65S,-1.1609619330175174
G65R,-1.1713652048051728
G65D,-1.1774840739943226
G65C,-1.203403259656444
V66E,-1.1437084126916732
V66G,-1.1632232666015625
V66L,-1.135300914693323
V66M,-1.151268526634074
V66A,-1.1376136163747088
A67E,-1.1093037291343169
A67G,-1.1143121186250484
A67P,-1.134330986449437
A67S,-1.0916361364518634
A67T,-1.1128977899966033
A67V,-1.127300949570555
T68A,-1.058624267578125
T68I,-1.1010974386463994
T68N,-1.069994150481609
T68P,-1.0928916220339189
T68S,-1.0659041315872475
S69C,-1.101006549337636
S69F,-1.1076207131332492
S69P,-1.0670166963375871
S69T,-1.0948973472073953
S69Y,-1.10848837905789
S69A,-1.07777092027368
A70D,-1.0826530693480687
A70G,-1.0709145113548135
A70P,-1.130652386209239
A70S,-1.0720855523340451
A70T,-1.0782931310049495
A70V,-1.1042029339334238
D71G,-1.1378752903908675
D71V,-1.1035057683909162
D71E,-1.091158470011646
D71A,-1.0813397709627328
D71H,-1.1251372343264752
D71N,-1.0819565672311724
D71Y,-1.125709865404212
I72M,-1.1034500406395575
I72N,-1.100141631890528
I72S,-1.103889797044837
I72T,-1.104281881581182
I72V,-1.0921066947605298
I72F,-1.1341505346831329
I72L,-1.0700263740113063
K73T,-1.0937899950868597
K73E,-1.1089637708960112
K73Q,-1.0921731320967585
K73R,-1.0965111773947012
K73N,-1.090129970763781
K73I,-1.13416133904309
G74A,-1.145502694645283
G74C,-1.1936809468713607
G74D,-1.1409258161272322
G74R,-1.1740129364203222
G74S,-1.116699029199825
G74V,-1.1974638944827252
K75E,-1.0892491311019992
K75I,-1.1170825839783094
K75T,-1.0842357185316382
K75R,-1.0846877956982726
K75Q,-1.0800067593592295
K75N,-1.0752493342997864
Y76F,-1.0868236470666732
Y76D,-1.1192934024407997
Y76C,-1.1457168863426823
Y76N,-1.1050352487504853
Y76H,-1.1013554164341517
Y76S,-1.1111750632339383
V77D,-1.1781939393985346
V77F,-1.190337850440363
V77G,-1.1640046871967198
V77I,-1.1231236428207492
V77L,-1.157498756550854
V77A,-1.1329148570943324
Q78R,-1.1004244407511643
Q78L,-1.1065157303898971
Q78K,-1.0817372576790567
Q78H,-1.1111345942716422
Q78E,-1.0784053447083657
S79C,-1.1579528239943226
S79G,-1.136286006951184
S79I,-1.1806529738147806
S79N,-1.115997883103649
S79R,-1.121941607931386
S79T,-1.123973964904406
V80L,-1.1717106599985443
V80I,-1.1329806310049495
V80G,-1.1824412849378882
V80F,-1.1808018654769992
V80D,-1.1803330131199048
V80A,-1.1446486763332202
T81P,-1.1690402771375197
T81K,-1.1016416371979327
T81I,-1.1259332502850834
T81A,-1.1033054138562697
T81R,-1.11959677749539
T81S,-1.1116594587053572
V82I,-1.1027692711871604
V82L,-1.1648255342282123
V82F,-1.1954933308666538
V82D,-1.1699930510905958
V82A,-1.1582286194984956
V82G,-1.2003920655813276
A83E,-1.0934089992357336
A83G,-1.1060267857142858
A83V,-1.108518043660229
A83T,-1.0807962358368108
A83S,-1.0738072365707492
A83P,-1.1529339144688957
N84Y,-1.1374641560619665
N84D,-1.1184648786272322
N84T,-1.1524084813846565
N84S,-1.132227737711083
N84K,-1.1238141741071428
N84I,-1.1845968495244563
N84H,-1.1063362263744665
G85S,-1.171516181519313
G85R,-1.2148392955708949
G85D,-1.2015910652113255
G85V,-1.2364359790493984
G85C,-1.205498547287461
G85A,-1.1732626968289015
V86L,-1.1825299944196428
V86I,-1.1478212723820846
V86A,-1.1354721732761548
V86G,-1.1941980397479135
V86D,-1.1789059846297554
V86F,-1.1855800462805706
I87V,-1.110346444645283
I87S,-1.1977353303328804
I87F,-1.204619508352339
I87L,-1.1490385636039402
I87M,-1.1713959119334725
I87N,-1.2021703305451763
I87T,-1.157472029976223
T88S,-1.1280471138332202
T88N,-1.1421266164838897
T88I,-1.1664419233428769
T88A,-1.1556687443893148
A89V,-1.1590835855614323
A89P,-1.1694812656189344
A89G,-1.1215056425296002
A89D,-1.183598867854717
A89S,-1.107937356700068
A89T,-1.148869863948467
Q90E,-1.0833021839212926
Q90H,-1.1290801622852775
Q90K,-1.0768906492624224
Q90R,-1.0941531732215644
Q90P,-1.1682614154697204
Q90L,-1.0949619838169642
M91T,-1.1424760522309296
M91V,-1.1609883752668866
M91K,-1.1663007084627328
M91L,-1.0956113827154503
M91I,-1.1524906513853843
M91R,-1.1684643289317256
A92D,-1.0824770720108696
A92G,-1.117289288443808
A92P,-1.1780209748641304
A92S,-1.0812837588861122
A92T,-1.1153074465923427
A92V,-1.146522853685462
S93A,-1.09195249569342
S93L,-1.124151289092828
S93P,-1.1448726298646157
S93T,-1.0962863708875197
S94G,-1.128533404806386
S94C,-1.1507828043114323
S94T,-1.075007089176533
S94R,-1.1195118590171294
S94I,-1.1077008928571428
S94N,-1.1048612416901202
N95I,-1.1366028400681774
N95Y,-1.113730768239276
N95S,-1.0917388726465451
N95K,-1.0973924909319197
N95D,-1.085157501031153
V96L,-1.1682526961616848
V96A,-1.1525077109011064
V96E,-1.1492209108719915
V96G,-1.18568107652368
V96I,-1.141256202081716
N97S,-1.0660282869516693
N97D,-1.0796617780412947
N97H,-1.1197523981888102
N97I,-1.0903227432914402
N97K,-1.0860159737723214
N97T,-1.0822725473723798
N97Y,-1.1356761292641206
N98Y,-1.1108636322969234
N98S,-1.0620198694075116
N98I,-1.105745303704872
N98H,-1.1034019896702736
N98K,-1.074611877062306
N98D,-1.0697472613790762
E99A,-1.0787406589673914
E99D,-1.0719105975228067
E99G,-1.0918548773534549
E99K,-1.0757915425744855
E99Q,-1.0794409520877817
E99V,-1.0863128093458851
I100N,-1.1508286754537074
I100F,-1.1741656190860346
I100V,-1.0974162794788431
I100T,-1.136943366957007
I100S,-1.1685140858525815
I100M,-1.162475775487675
K101Q,-1.1031077130240683
K101R,-1.0949779060316382
K101T,-1.1143615912206424
K101N,-1.1165123222777562
K101I,-1.1210147075771546
K101E,-1.117214416124806
S102G,-1.0774833726586763
S102I,-1.135143398498156
S102N,-1.061675456740101
S102R,-1.1024666543332686
S102C,-1.1289725925611414
K103I,-1.1780190793623837
K103E,-1.1218703370657026
K103Q,-1.1068075428838315
K103N,-1.1156570718895575
K103R,-1.0915669506381016
K104E,-1.107715488220594
K104N,-1.1109389784913626
K104Q,-1.087591420049253
K104R,-1.0920338127183618
K104T,-1.1071731851708075
K104I,-1.1546586315083949
L105P,-1.192687419630726
L105R,-1.165251358695652
L105V,-1.1062460952664015
L105I,-1.071406014957783
L105H,-1.1832021393390917
L105F,-1.1490881309746217
S106T,-1.142891830539111
S106Y,-1.209611217427698
S106F,-1.215812351392663
S106C,-1.1713666264314828
S106A,-1.1266970427139946
L107Q,-1.1393673345909356
L107R,-1.1639920821101029
L107V,-1.1581748820239712
L107M,-1.1212254873714091
L107P,-1.225141631890528
W108C,-1.1518090289572012
W108G,-1.17611391055658
W108L,-1.181269201432696
W108R,-1.1943688244553086
W108S,-1.151354582413383
A109D,-1.135599835318808
A109G,-1.071939883024796
A109P,-1.167271584457492
A109S,-1.0998631826839091
A109T,-1.121453137131211
A109V,-1.1232262842403435
K110Q,-1.1008659031080164
K110M,-1.1168390120038334
K110N,-1.1065986585913237
K110R,-1.0880551545516304
K110T,-1.0805880149699143
K110E,-1.1016803054335695
R111S,-1.080383111231075
R111P,-1.1010643621409162
R111L,-1.0944047063033773
R111G,-1.106927622919497
R111C,-1.1356767926897322
R111H,-1.104107021545031
Q112E,-1.081208317916586
Q112H,-1.1099588145380437
Q112K,-1.0836733231633346
Q112L,-1.1019598919412363
Q112R,-1.1010319490610443
N113S,-1.0821883870948177
N113K,-1.0984643023947012
N113I,-1.1277516051108794
N113H,-1.117750843119177
N113D,-1.0803069120608502
N113T,-1.101846540936772
N113Y,-1.121577197720545
G114V,-1.1527677737407802
G114S,-1.1162082837975544
G114R,-1.1449281680657997
G114C,-1.178667530509996
G114A,-1.1230717060728843
G114D,-1.115269820882667
S115P,-1.1547415597098214
S115A,-1.0841090990149456
S115L,-1.0921972997440317
S115T,-1.0844386319936432
S115W,-1.1030178662412655
V116L,-1.0826040706279114
V116I,-1.0930932086447012
V116G,-1.159460411308715
V116F,-1.1190565594975252
V116D,-1.15019538832007
V116A,-1.1128502129027562
K117N,-1.1048733729013005
K117Q,-1.0928356099572982
K117R,-1.0981943829459433
K117E,-1.1149593376965257
K117I,-1.11498416876941
W118G,-1.1667556288819876
W118C,-1.1628898478442835
W118R,-1.1625582298136643
W118S,-1.158464609465984
W118L,-1.1492866847826086
F119V,-1.1593806106851707
F119I,-1.1569160793138586
F119Y,-1.0801169827858113
F119C,-1.1276040402998837
F119L,-1.130054355408094
F119S,-1.12108161878882
C120G,-1.1702063898122088
C120F,-1.193340419982531
C120S,-1.1593372984702544
C120W,-1.180952747416052
C120Y,-1.178514089643585
C120R,-1.160975485855008
G121V,-1.237252182101611
G121E,-1.2130142117138976
G121A,-1.1931503959324048
G121R,-1.203757908033288
Q122R,-1.1099420393475834
Q122P,-1.14410400390625
Q122L,-1.116453182623253
Q122K,-1.094792810286054
Q122H,-1.139534896945361
Q122E,-1.0967315294727775
P123A,-1.1198845146605687
P123Q,-1.1275054742090451
P123R,-1.139370177843556
P123S,-1.1314213912679545
P123T,-1.1333275078246312
P123L,-1.140028675150427
V124A,-1.115104343580163
V124F,-1.156815807271448
V124G,-1.1609739694536103
V124I,-1.141946922918284
V124L,-1.1631410966008346
V124D,-1.1543946828901397
T125S,-1.1007436432453417
T125R,-1.1218068377571817
T125M,-1.1189836774553572
T125K,-1.1048038079871894
T125A,-1.103131027695555
R126C,-1.158140762992527
R126S,-1.1314204435170807
R126P,-1.1805218998689828
R126L,-1.1626488347971662
R126H,-1.1721976143973214
R126G,-1.1625119795710404
T127P,-1.1430207246578998
T127N,-1.0922926434819002
T127I,-1.1199576810279988
T127A,-1.0737772876431484
T127S,-1.0792550981414983
T128N,-1.1208098986134023
T128P,-1.1803983131550857
T128S,-1.081883874739179
T128A,-1.0986616241265528
T128I,-1.1508627944851515
A129V,-1.0903516496930803
A129T,-1.073693127365586
A129S,-1.0759952142371894
A129P,-1.0945986161320846
A129G,-1.1070984076268924
A129D,-1.1054397488232726
T130A,-1.0881205493618984
T130N,-1.0917586806398
T130S,-1.081506954216809
T130I,-1.12083283418454
A131T,-1.1238181546608113
A131V,-1.1642023880289207
A131D,-1.1007108510651202
A131G,-1.1294132967172943
A131P,-1.1873210646350931
A131S,-1.0898294389618108
T132S,-1.0770767875339673
T132P,-1.1233315793623837
T132N,-1.073160870475058
T132A,-1.0811876569475447
T132I,-1.1125846531080164
D133E,-1.0953101874878688
D133N,-1.0865605514242045
D133V,-1.118352854473991
D133Y,-1.119913231512034
D133G,-1.101249363111413
D133A,-1.0925215253178375
D133H,-1.1222963510833173
V134I,-1.1440151048743206
V134D,-1.167934630968556
V134F,-1.1647236510093169
V134G,-1.1834379397564052
V134L,-1.1795548148777173
V134A,-1.1295959283106076
A135P,-1.155817067401009
A135T,-1.0706813646399456
A135V,-1.0857523094793284
A135S,-1.0798502856900234
A135G,-1.1144536178304545
A135D,-1.095261852193323
A136P,-1.114316952154503
A136G,-1.1157425590183423
A136D,-1.0953465811214091
A136V,-1.1007310381587248
A136S,-1.09136962890625
A136T,-1.0832336615331424
A137T,-1.1073504145841422
A137G,-1.1156547025123738
A137P,-1.1608580595217877
A137S,-1.0772786584700116
A137V,-1.1330613793793671
A137D,-1.081291151342925
N138T,-1.0658883989227483
N138S,-1.0592460869261937
N138Y,-1.120729434564247
N138K,-1.0781443341178183
N138I,-1.1076487665591033
N138D,-1.0704546626310172
G139V,-1.0528987150014557
G139S,-1.0652511312354425
G139R,-1.0892596511366943
G139D,-1.0572310737941577
G139C,-1.0576687451475155
G139A,-1.0616161275354232
K140M,-1.107567828634511
K140N,-1.0675027977605784
K140E,-1.090024391316479
K140R,-1.097919914292993
K140T,-1.0687826405400815
T141A,-1.063587070251844
T141S,-1.0721120893585017
T141P,-1.0980061596224766
T141N,-1.0811252001649845
T141I,-1.1010547898570944
D142A,-1.0776079071234472
D142H,-1.1273616056264557
D142G,-1.083116424750097
D142Y,-1.1181144003542314
D142E,-1.0800573692558717
D142V,-1.1040366984302212
D142N,-1.093644989203222
D143A,-1.090846659974282
D143E,-1.0832267429517664
D143G,-1.1226850237165178
D143H,-1.1224206012228262
D143N,-1.102555553365198
D143V,-1.1012482258103649
D143Y,-1.1152772133394795
K144R,-1.091093075201378
K144Q,-1.096839099196914
K144N,-1.0903842523231269
K144I,-1.1233552731342198
K144E,-1.1028337182465546
I145S,-1.1779813588776202
I145T,-1.1352861297796972
I145V,-1.0772934433836374
I145N,-1.1733862835427988
I145M,-1.1477550245960306
I145L,-1.1307541746530474
I145F,-1.1716348399286685
N146I,-1.1178243885869563
N146D,-1.0641396090110635
N146H,-1.108641251273777
N146K,-1.0970021123471467
N146S,-1.0879787658312303
N146T,-1.1046822115501262
N146Y,-1.1200384294024166
T147S,-1.0782615709008638
T147N,-1.096632394731415
T147I,-1.0960980527889654
T147A,-1.0847340459408967
K148Q,-1.1000313136888586
K148N,-1.0964480571865296
K148E,-1.1034291901203417
K148M,-1.117516559103261
K148T,-1.095395485066479
K148R,-1.099448826002038
H149N,-1.0951395923306484
H149L,-1.1237870684321625
H149D,-1.109838260626941
H149Y,-1.0697880146666343
H149R,-1.1226478718822788
H149Q,-1.1037133258322012
H149P,-1.1827938482628106
L150R,-1.1365170686141304
L150V,-1.1661890634098409
L150M,-1.1286241045649748
L150P,-1.2170503035835598
L150Q,-1.1377336016352873
P151Q,-1.1409275220788044
P151T,-1.154480170018925
P151L,-1.134660614203222
P151A,-1.1344159997027854
P151R,-1.134131579665664
P151S,-1.1417763277610635
S152T,-1.0908004097316577
S152A,-1.0839195488402562
S152L,-1.1066130644046002
S152P,-1.1209438158118206
T153N,-1.093145619268003
T153I,-1.109356329307793
T153A,-1.0942494647103067
T153S,-1.0803402728915954
C154Y,-1.1909940731451378
C154G,-1.1988730104813663
C154R,-1.2229525169230395
C154S,-1.172817159143294
C154W,-1.193393778356706
C154F,-1.1925390966190317
R155S,-1.1100968070652173
R155G,-1.1217503518051242
R155H,-1.127836807914402
R155L,-1.1108444877292798
R155C,-1.1410215389654503
R155P,-1.170819774177504
D156G,-1.1494838169642858
D156N,-1.0987955413249708
D156H,-1.1145958752365586
D156E,-1.1241420959093555
D156Y,-1.1291293505556097
D156V,-1.1689825591093266
D157E,-1.087068545892372
D157G,-1.1050282353940215
D157H,-1.107571998738354
D157N,-1.0871692918102194
D157Y,-1.1148790631975447
D157V,-1.0979140382375776
S158T,-1.1215619389314828
S158P,-1.1101787875157705
S158A,-1.057381007982337
S158L,-1.1355139690896738
S159P,-1.1480005868473409
S159F,-1.1300168244735054
S159C,-1.1430787270113547
S159A,-1.0899651568868889
S159Y,-1.12902225470691
S159T,-1.0884933945555124
A160S,-1.0912752329192548
A160T,-1.133632588830794
A160G,-1.119843097947399
A160D,-1.1152974952081716
A160V,-1.1552029248350155
A160P,-1.1673973509983986
S161N,-1.0850926748714091
S161R,-1.0989318279005726
S161I,-1.1110123344089673
S161G,-1.0988760053741269
S161T,-1.0884495136900718
S161C,-1.1345791076281055
