mutant,pmpnn_ll
F1I,-1.6148356199264526
F1L,-1.6135060787200928
F1Y,-1.6330729722976685
F1V,-1.5945395231246948
F1S,-1.6560068130493164
T2A,-1.663682460784912
T2N,-1.6830544471740725
T2P,-1.6799217462539673
T2S,-1.64393150806427
T2I,-1.6547969579696655
L3F,-1.6384527683258057
L3H,-1.6670448780059814
L3I,-1.6453406810760498
L3P,-1.6363965272903442
L3R,-1.6390304565429688
L3V,-1.6556017398834229
I4F,-1.6359455585479736
I4M,-1.644734501838684
I4N,-1.6460368633270264
I4L,-1.6610875129699707
I4T,-1.6456018686294556
I4V,-1.6152276992797852
E5V,-1.657114028930664
E5Q,-1.6466633081436155
E5K,-1.662866234779358
E5D,-1.658392310142517
E5G,-1.6568315029144287
E5A,-1.643714427947998
L6R,-1.6342002153396606
L6Q,-1.6838924884796145
L6P,-1.6647558212280271
L6V,-1.6498600244522097
L6M,-1.628707766532898
M7V,-1.6124866008758545
M7T,-1.60417640209198
M7R,-1.6654300689697266
M7I,-1.641184687614441
M7K,-1.637259006500244
M7L,-1.6266684532165527
I8M,-1.640987753868103
I8N,-1.6720850467681885
I8V,-1.6285603046417236
I8S,-1.6644858121871948
I8F,-1.6565388441085815
I8T,-1.62510883808136
V9E,-1.6203795671463013
V9G,-1.6634962558746338
V9M,-1.6101582050323486
V9L,-1.621934413909912
V9A,-1.660694599151611
I10T,-1.6703606843948364
I10F,-1.6419620513916016
I10L,-1.6131798028945925
I10M,-1.6403589248657229
I10N,-1.6452454328536987
I10V,-1.6664974689483645
A11V,-1.64594566822052
A11T,-1.6248972415924072
A11S,-1.6519476175308228
A11G,-1.6222318410873413
A11D,-1.643269419670105
A11P,-1.6485074758529663
I12T,-1.6440892219543457
I12V,-1.6175682544708252
I12M,-1.6499091386795044
I12N,-1.6640490293502808
I12L,-1.61636483669281
I12F,-1.6568915843963623
V13L,-1.6178489923477173
V13I,-1.6223937273025513
V13F,-1.618585228919983
V13D,-1.6736838817596436
V13A,-1.630717158317566
G14V,-1.6215142011642456
G14S,-1.6319913864135742
G14A,-1.6182639598846436
G14C,-1.6696386337280271
G14D,-1.65832781791687
G14R,-1.633549451828003
I15T,-1.6206259727478027
I15F,-1.6273884773254397
I15N,-1.6520466804504397
I15S,-1.668832302093506
I15V,-1.630752682685852
L16M,-1.6424272060394287
L16S,-1.65863299369812
L16F,-1.6693172454833984
L16W,-1.6190346479415894
L16V,-1.6150410175323486
A17S,-1.64923095703125
A17T,-1.6097209453582764
A17V,-1.628840088844299
A17G,-1.6380354166030884
A17P,-1.6612567901611328
A17E,-1.6470680236816406
A18G,-1.6494638919830322
A18P,-1.657115459442139
A18V,-1.6382533311843872
A18E,-1.6192479133605957
A18S,-1.6683859825134275
A18T,-1.664910912513733
V19F,-1.6189359426498413
V19D,-1.6935813426971436
V19I,-1.6121701002120972
V19L,-1.6242499351501465
V19A,-1.635443091392517
A20G,-1.6528635025024414
A20D,-1.6515647172927856
A20P,-1.631213665008545
A20S,-1.6412662267684937
A20T,-1.672427535057068
A20V,-1.6389012336730957
L21V,-1.6201720237731934
L21R,-1.6517826318740845
L21P,-1.6398783922195437
L21I,-1.6389567852020264
L21H,-1.664863109588623
L21F,-1.65525221824646
P22A,-1.6779521703720093
P22H,-1.662604808807373
P22L,-1.6435576677322388
P22R,-1.6753404140472412
P22S,-1.6575984954833984
P22T,-1.6562756299972534
A23G,-1.659231662750244
A23P,-1.6525404453277588
A23D,-1.6591368913650513
A23S,-1.6571414470672607
A23T,-1.6204054355621338
A23V,-1.688713550567627
Y24H,-1.6252361536026
Y24C,-1.6512060165405271
Y24D,-1.629388451576233
Y24S,-1.6067967414855957
Y24N,-1.6648778915405271
Y24F,-1.629035472869873
Q25R,-1.6301186084747314
Q25H,-1.6578593254089355
Q25P,-1.6406257152557373
Q25L,-1.615788817405701
Q25K,-1.6203962564468384
Q25E,-1.631500005722046
D26Y,-1.6657379865646362
D26V,-1.6426736116409302
D26N,-1.6115729808807373
D26H,-1.6349869966506958
D26G,-1.650017261505127
D26E,-1.6478142738342283
Y27F,-1.5943249464035034
Y27S,-1.6331517696380615
Y27N,-1.6274768114089966
Y27H,-1.645700454711914
Y27C,-1.6787060499191284
Y27D,-1.6462091207504272
T28S,-1.611247420310974
T28R,-1.651776671409607
T28P,-1.6330697536468506
T28K,-1.6283607482910156
T28I,-1.6485565900802612
T28A,-1.6329785585403442
A29T,-1.6709799766540527
A29S,-1.6123336553573608
A29P,-1.6743988990783691
A29V,-1.6915881633758545
A29G,-1.6808507442474363
A29D,-1.668238639831543
R30P,-1.658795714378357
R30S,-1.6430391073226929
R30L,-1.6581871509552002
R30H,-1.6305211782455444
R30C,-1.64512300491333
A31P,-1.651658535003662
A31S,-1.6156294345855713
A31G,-1.674035906791687
A31V,-1.6161949634552002
A31E,-1.63816237449646
A31T,-1.6279020309448242
Q32R,-1.6571648120880127
Q32L,-1.6810522079467771
Q32K,-1.67023503780365
Q32H,-1.6706351041793823
Q32E,-1.6540520191192627
V33L,-1.6894280910491943
V33I,-1.6614527702331543
V33G,-1.6468987464904783
V33F,-1.6916310787200928
V33D,-1.6640939712524414
V33A,-1.6677367687225342
S34Y,-1.6441885232925415
S34A,-1.6244702339172363
S34C,-1.669714331626892
S34F,-1.6691813468933103
S34P,-1.6396359205245972
S34T,-1.661499261856079
E35A,-1.6515523195266724
E35V,-1.6413902044296265
E35Q,-1.6303791999816897
E35K,-1.6458762884140017
E35G,-1.6829054355621338
E35D,-1.629069685935974
A36D,-1.679753065109253
A36G,-1.637140870094299
A36T,-1.6664056777954102
A36P,-1.6504751443862915
A36S,-1.6466200351715088
A36V,-1.6609292030334473
I37N,-1.660284399986267
I37V,-1.6439366340637207
I37T,-1.6451135873794556
I37L,-1.6888527870178225
I37M,-1.68430495262146
I37F,-1.6652934551239014
L38F,-1.6329644918441772
L38H,-1.6207047700881958
L38I,-1.6360069513320925
L38P,-1.6260690689086914
L38R,-1.598318099975586
L38V,-1.6417911052703855
L39F,-1.6521955728530884
L39W,-1.690609335899353
L39S,-1.6921342611312866
L39M,-1.6540478467941284
A40S,-1.6582472324371338
A40P,-1.6466163396835327
A40V,-1.6763761043548584
A40G,-1.6519891023635864
A40T,-1.6691489219665527
A40D,-1.676738142967224
E41A,-1.66342031955719
E41V,-1.6565836668014526
E41G,-1.6746556758880615
E41K,-1.6486144065856934
E41Q,-1.6525132656097412
E41D,-1.6515827178955078
G42C,-1.6460973024368286
G42V,-1.6606600284576416
G42S,-1.6052322387695312
G42R,-1.6488946676254272
G42D,-1.6630089282989502
G42A,-1.63476824760437
Q43P,-1.6809650659561155
Q43R,-1.63612961769104
Q43L,-1.63602614402771
Q43K,-1.640812873840332
Q43H,-1.6753835678100586
Q43E,-1.6737686395645142
K44Q,-1.643818974494934
K44N,-1.6487382650375366
K44I,-1.634806990623474
K44E,-1.6639866828918457
K44T,-1.645949125289917
K44R,-1.648437261581421
S45T,-1.63587486743927
S45P,-1.645219326019287
S45L,-1.6460222005844116
A46P,-1.6844799518585205
A46S,-1.6471832990646362
A46T,-1.638086199760437
A46V,-1.6567151546478271
A46G,-1.655784249305725
A46D,-1.6666289567947388
V47L,-1.69211745262146
V47I,-1.6507728099822998
V47G,-1.6718759536743164
V47F,-1.6669121980667114
V47D,-1.6679198741912842
V47A,-1.6437667608261108
T48R,-1.6338475942611694
T48S,-1.681427001953125
T48P,-1.6417454481124878
T48K,-1.6325513124465942
T48I,-1.6739164590835571
T48A,-1.6524559259414673
E49V,-1.6801390647888184
E49K,-1.6308683156967163
E49Q,-1.65394926071167
E49D,-1.6313141584396362
E49A,-1.6298115253448486
E49G,-1.646098494529724
Y50C,-1.6983908414840698
Y50H,-1.6376899480819702
Y50N,-1.6569184064865112
Y50S,-1.6985784769058228
Y51N,-1.6824778318405151
Y51H,-1.6595557928085327
Y51F,-1.6807819604873655
Y51C,-1.6418817043304443
Y51S,-1.6736184358596802
L52R,-1.6590254306793213
L52V,-1.6533547639846802
L52Q,-1.664836287498474
L52M,-1.6373916864395142
L52P,-1.6547797918319702
N53T,-1.6568841934204102
N53S,-1.65475594997406
N53K,-1.6277365684509275
N53I,-1.672479510307312
N53D,-1.6467506885528564
N53Y,-1.659163236618042
H54D,-1.663577675819397
H54L,-1.647712230682373
H54N,-1.6164640188217163
H54Q,-1.6898630857467651
H54R,-1.6644675731658936
H54Y,-1.6843726634979248
H54P,-1.6300321817398071
G55S,-1.687636137008667
G55A,-1.6727211475372314
G55C,-1.6799323558807373
G55D,-1.6330194473266602
G55V,-1.6891440153121948
G55R,-1.6582179069519043
E56G,-1.6392223834991455
E56D,-1.6382876634597778
E56K,-1.651615858078003
E56Q,-1.639694333076477
E56V,-1.6026287078857422
E56A,-1.6475598812103271
W57R,-1.6579309701919556
W57S,-1.6816580295562744
W57G,-1.6770408153533936
W57C,-1.68546462059021
W57L,-1.663910150527954
P58T,-1.6639631986618042
P58R,-1.665347456932068
P58L,-1.67526113986969
P58H,-1.6689529418945312
P58A,-1.6553938388824463
P58S,-1.6924580335617063
G59V,-1.6611183881759644
G59A,-1.625060796737671
G59C,-1.6429362297058103
G59S,-1.626775145530701
G59R,-1.63107430934906
G59D,-1.6492871046066284
D60V,-1.6627936363220217
D60E,-1.6662790775299072
D60H,-1.6479361057281494
D60N,-1.6185215711593628
D60Y,-1.6754539012908936
D60G,-1.6011170148849487
D60A,-1.6772332191467283
N61T,-1.6967530250549316
N61D,-1.6779171228408811
N61H,-1.6734638214111328
N61I,-1.67093825340271
N61S,-1.6728811264038086
N61Y,-1.692987322807312
N61K,-1.6591466665267944
S62R,-1.6541016101837158
S62N,-1.6481345891952517
S62I,-1.6345205307006836
S62G,-1.6472971439361572
S62C,-1.671183705329895
S62T,-1.6208447217941284
S63C,-1.6713536977767944
S63P,-1.641215205192566
S63Y,-1.662057399749756
S63F,-1.6688615083694458
S63T,-1.6359370946884155
A64D,-1.6575889587402344
A64G,-1.6561192274093628
A64P,-1.6734644174575806
A64S,-1.6729668378829956
A64T,-1.7042008638381958
A64V,-1.6654704809188845
G65A,-1.6777013540267944
G65V,-1.6768611669540403
G65S,-1.670119047164917
G65R,-1.6831858158111572
G65D,-1.627201795578003
G65C,-1.6570559740066528
V66E,-1.6656478643417358
V66G,-1.7055857181549072
V66L,-1.7070714235305786
V66M,-1.6719043254852295
V66A,-1.64226496219635
A67E,-1.6220284700393677
A67G,-1.6431742906570437
A67P,-1.65888774394989
A67S,-1.665841579437256
A67T,-1.6536062955856323
A67V,-1.6451808214187622
T68A,-1.5964491367340088
T68I,-1.6562397480010986
T68N,-1.6405616998672483
T68P,-1.6427055597305298
T68S,-1.62082839012146
S69C,-1.6749646663665771
S69F,-1.6486430168151855
S69P,-1.6647039651870728
S69T,-1.6457914113998413
S69Y,-1.6488192081451416
S69A,-1.5995216369628906
A70D,-1.6326643228530884
A70G,-1.6635850667953491
A70P,-1.675034761428833
A70S,-1.6335551738739014
A70T,-1.626570224761963
A70V,-1.6532206535339355
D71G,-1.6597508192062378
D71V,-1.6774946451187134
D71E,-1.638271689414978
D71A,-1.6352046728134155
D71H,-1.6678212881088257
D71N,-1.6585994958877563
D71Y,-1.6637235879898071
I72M,-1.6589287519454956
I72N,-1.673509120941162
I72S,-1.630722165107727
I72T,-1.6385732889175415
I72V,-1.669851303100586
I72F,-1.6344469785690308
I72L,-1.6488455533981323
K73T,-1.6246817111968994
K73E,-1.6540322303771973
K73Q,-1.6648489236831665
K73R,-1.65021014213562
K73N,-1.6208535432815552
K73I,-1.6457045078277588
G74A,-1.6434948444366455
G74C,-1.652690291404724
G74D,-1.6861588954925537
G74R,-1.6695890426635742
G74S,-1.6329258680343628
G74V,-1.6414402723312378
K75E,-1.677662968635559
K75I,-1.6722067594528198
K75T,-1.6160991191864014
K75R,-1.6256418228149414
K75Q,-1.627482771873474
K75N,-1.6531212329864502
Y76F,-1.6413352489471436
Y76D,-1.6339516639709473
Y76C,-1.6536633968353271
Y76N,-1.6484650373458862
Y76H,-1.6819628477096558
Y76S,-1.630110263824463
V77D,-1.6515165567398071
V77F,-1.6719197034835815
V77G,-1.69149911403656
V77I,-1.6602665185928345
V77L,-1.672044038772583
V77A,-1.664536714553833
Q78R,-1.655463695526123
Q78L,-1.6456501483917236
Q78K,-1.6717263460159302
Q78H,-1.6253790855407717
Q78E,-1.6346997022628784
S79C,-1.6346030235290527
S79G,-1.6409542560577393
S79I,-1.6707403659820557
S79N,-1.632158875465393
S79R,-1.6433676481246948
S79T,-1.643260836601257
V80L,-1.7168840169906616
V80I,-1.654310703277588
V80G,-1.7037134170532229
V80F,-1.7026515007019043
V80D,-1.696510672569275
V80A,-1.6871517896652222
T81P,-1.6675957441329956
T81K,-1.631950616836548
T81I,-1.6494789123535156
T81A,-1.6398996114730835
T81R,-1.6696796417236328
T81S,-1.6395751237869265
V82I,-1.6454126834869385
V82L,-1.6378254890441897
V82F,-1.6589586734771729
V82D,-1.6518547534942627
V82A,-1.663122296333313
V82G,-1.6621711254119873
A83E,-1.6154810190200806
A83G,-1.6619384288787842
A83V,-1.656762957572937
A83T,-1.629771709442139
A83S,-1.603200078010559
A83P,-1.680577278137207
N84Y,-1.6407755613327026
N84D,-1.653512477874756
N84T,-1.6703925132751465
N84S,-1.6707520484924316
N84K,-1.664921522140503
N84I,-1.6859828233718872
N84H,-1.670649766921997
G85S,-1.683760404586792
G85R,-1.677953839302063
G85D,-1.689723014831543
G85V,-1.6684240102767944
G85C,-1.6618895530700684
G85A,-1.7021673917770386
V86L,-1.6771348714828491
V86I,-1.64109468460083
V86A,-1.6583964824676514
V86G,-1.6771416664123535
V86D,-1.669032096862793
V86F,-1.6566609144210815
I87V,-1.66077983379364
I87S,-1.630081057548523
I87F,-1.6691405773162842
I87L,-1.65193510055542
I87M,-1.682061791419983
I87N,-1.6537108421325684
I87T,-1.6947870254516602
T88S,-1.6572648286819458
T88N,-1.6529779434204102
T88I,-1.6481351852416992
T88A,-1.6634759902954102
A89V,-1.6872895956039429
A89P,-1.6513592004776
A89G,-1.644995093345642
A89D,-1.706477403640747
A89S,-1.6674058437347412
A89T,-1.68217933177948
Q90E,-1.6565622091293335
Q90H,-1.6454012393951416
Q90K,-1.618768572807312
Q90R,-1.6400620937347412
Q90P,-1.6514211893081665
Q90L,-1.6476449966430664
M91T,-1.6504487991333008
M91V,-1.6800450086593628
M91K,-1.669948935508728
M91L,-1.6333473920822144
M91I,-1.6611453294754028
M91R,-1.6875044107437134
A92D,-1.664072871208191
A92G,-1.6365700960159302
A92P,-1.6854248046875
A92S,-1.623797059059143
A92T,-1.646728754043579
A92V,-1.6904675960540771
S93A,-1.6582558155059814
S93L,-1.676868557929993
S93P,-1.6408270597457886
S93T,-1.6159684658050537
S94G,-1.6516960859298706
S94C,-1.6753520965576172
S94T,-1.6104456186294556
S94R,-1.6303749084472656
S94I,-1.6451750993728638
S94N,-1.6773499250411987
N95I,-1.690727710723877
N95Y,-1.6725130081176758
N95S,-1.626184344291687
N95K,-1.6415594816207886
N95D,-1.6854287385940552
V96L,-1.6828444004058838
V96A,-1.693501591682434
V96E,-1.7263240814208984
V96G,-1.6593167781829834
V96I,-1.6528702974319458
N97S,-1.6151691675186155
N97D,-1.6550447940826416
N97H,-1.6463333368301392
N97I,-1.6398296356201172
N97K,-1.6425963640213013
N97T,-1.6319100856781006
N97Y,-1.6525386571884155
N98Y,-1.6553572416305542
N98S,-1.6377525329589844
N98I,-1.64068603515625
N98H,-1.6413859128952026
N98K,-1.6202141046524048
N98D,-1.6071879863739014
E99A,-1.6702282428741455
E99D,-1.6319773197174072
E99G,-1.6420952081680298
E99K,-1.6334022283554075
E99Q,-1.6373651027679443
E99V,-1.635766625404358
I100N,-1.665965557098389
I100F,-1.6757022142410278
I100V,-1.652059555053711
I100T,-1.6782768964767456
I100S,-1.6436645984649658
I100M,-1.6661733388900757
K101Q,-1.6680272817611694
K101R,-1.618005633354187
K101T,-1.6581302881240845
K101N,-1.6336894035339355
K101I,-1.6716976165771484
K101E,-1.6656702756881714
S102G,-1.6079394817352295
S102I,-1.6444458961486816
S102N,-1.5988258123397827
S102R,-1.6406561136245728
S102C,-1.6637874841690063
K103I,-1.6572208404541016
K103E,-1.6368359327316284
K103Q,-1.6205357313156128
K103N,-1.6537668704986572
K103R,-1.64323627948761
K104E,-1.7093563079833984
K104N,-1.6415700912475586
K104Q,-1.6643775701522827
K104R,-1.6571578979492188
K104T,-1.6358270645141602
K104I,-1.65267813205719
L105P,-1.6524665355682373
L105R,-1.6865427494049072
L105V,-1.6226450204849243
L105I,-1.6576871871948242
L105H,-1.660508394241333
L105F,-1.6785801649093628
S106T,-1.6716755628585815
S106Y,-1.6577976942062378
S106F,-1.6926815509796145
S106C,-1.662407398223877
S106A,-1.676228642463684
L107Q,-1.7059136629104614
L107R,-1.7018444538116455
L107V,-1.64766526222229
L107M,-1.6876200437545776
L107P,-1.7033324241638184
W108C,-1.6743135452270508
W108G,-1.7007222175598145
W108L,-1.6591447591781616
W108R,-1.6612647771835327
W108S,-1.6559103727340698
A109D,-1.6458981037139893
A109G,-1.6431668996810913
A109P,-1.6638579368591309
A109S,-1.624714493751526
A109T,-1.655017971992493
A109V,-1.6707426309585571
K110Q,-1.6565697193145752
K110M,-1.6687053442001345
K110N,-1.6860817670822144
K110R,-1.6406981945037842
K110T,-1.6706933975219729
K110E,-1.6874196529388428
R111S,-1.6326451301574707
R111P,-1.6276190280914309
R111L,-1.6147851943969729
R111G,-1.60517156124115
R111C,-1.6230309009552002
R111H,-1.6320408582687378
Q112E,-1.6313756704330444
Q112H,-1.6375514268875122
Q112K,-1.6446009874343872
Q112L,-1.6626371145248413
Q112R,-1.6658549308776855
N113S,-1.6532965898513794
N113K,-1.6579458713531494
N113I,-1.64650559425354
N113H,-1.6524512767791748
N113D,-1.64785897731781
N113T,-1.6601539850234983
N113Y,-1.6461946964263916
G114V,-1.67586350440979
G114S,-1.664244294166565
G114R,-1.692124843597412
G114C,-1.6555609703063965
G114A,-1.6476114988327026
G114D,-1.674940586090088
S115P,-1.6702637672424316
S115A,-1.638717532157898
S115L,-1.6446102857589722
S115T,-1.6547664403915403
S115W,-1.6957825422286987
V116L,-1.6248695850372314
V116I,-1.6337697505950928
V116G,-1.6894938945770264
V116F,-1.6890618801116943
V116D,-1.6477972269058228
V116A,-1.643879532814026
K117N,-1.665538311004639
K117Q,-1.678734302520752
K117R,-1.6239492893218994
K117E,-1.6303550004959106
K117I,-1.6380319595336914
W118G,-1.662518858909607
W118C,-1.6964751482009888
W118R,-1.6947920322418213
W118S,-1.6913596391677856
W118L,-1.6764427423477173
F119V,-1.6347668170928955
F119I,-1.6737574338912964
F119Y,-1.6475530862808228
F119C,-1.6678451299667358
F119L,-1.6688332557678225
F119S,-1.7057923078536987
C120G,-1.648477554321289
C120F,-1.719823956489563
C120S,-1.6582603454589844
C120W,-1.6959757804870603
C120Y,-1.7107893228530884
C120R,-1.6743321418762207
G121V,-1.659497618675232
G121E,-1.6900275945663452
G121A,-1.678950548171997
G121R,-1.6353789567947388
Q122R,-1.6394623517990112
Q122P,-1.6419520378112793
Q122L,-1.6478662490844729
Q122K,-1.61255145072937
Q122H,-1.6353448629379272
Q122E,-1.60895037651062
P123A,-1.6706353425979614
P123Q,-1.6364067792892456
P123R,-1.66200590133667
P123S,-1.63183331489563
P123T,-1.6353226900100708
P123L,-1.6772358417510986
V124A,-1.6100270748138428
V124F,-1.682200908660889
V124G,-1.6756941080093384
V124I,-1.6507105827331543
V124L,-1.659566044807434
V124D,-1.6526345014572144
T125S,-1.6861921548843384
T125R,-1.652945041656494
T125M,-1.6828042268753052
T125K,-1.6224464178085327
T125A,-1.627560019493103
R126C,-1.6834524869918823
R126S,-1.67983877658844
R126P,-1.693119764328003
R126L,-1.708898663520813
R126H,-1.6782313585281372
R126G,-1.7036375999450684
T127P,-1.6129878759384155
T127N,-1.6396291255950928
T127I,-1.6451669931411743
T127A,-1.6067006587982178
T127S,-1.6420249938964844
T128N,-1.640708565711975
T128P,-1.675495743751526
T128S,-1.6165703535079956
T128A,-1.6630184650421145
T128I,-1.6382700204849243
A129V,-1.6538798809051514
A129T,-1.621363639831543
A129S,-1.6241915225982666
A129P,-1.6312236785888672
A129G,-1.6656482219696045
A129D,-1.6426246166229248
T130A,-1.6292191743850708
T130N,-1.6397087574005127
T130S,-1.646824836730957
T130I,-1.6416188478469849
A131T,-1.7061671018600464
A131V,-1.697308897972107
A131D,-1.6377723217010498
A131G,-1.6360437870025637
A131P,-1.6535634994506836
A131S,-1.6511211395263672
T132S,-1.6547495126724243
T132P,-1.633232355117798
T132N,-1.6386098861694336
T132A,-1.6346715688705444
T132I,-1.6415139436721802
D133E,-1.639668583869934
D133N,-1.6153289079666138
D133V,-1.6276543140411377
D133Y,-1.661615967750549
D133G,-1.6447590589523315
D133A,-1.665461778640747
D133H,-1.6499348878860474
V134I,-1.6914938688278198
V134D,-1.667572259902954
V134F,-1.662644624710083
V134G,-1.6663336753845217
V134L,-1.663401484489441
V134A,-1.6367217302322388
A135P,-1.6393921375274658
A135T,-1.6323202848434448
A135V,-1.6531686782836914
A135S,-1.64496111869812
A135G,-1.6548491716384888
A135D,-1.6545753479003906
A136P,-1.647756576538086
A136G,-1.700216293334961
A136D,-1.663708209991455
A136V,-1.6275001764297483
A136S,-1.6578917503356934
A136T,-1.6638367176055908
A137T,-1.6308767795562744
A137G,-1.6620335578918457
A137P,-1.6539075374603271
A137S,-1.6284793615341189
A137V,-1.6692588329315186
A137D,-1.6111761331558228
N138T,-1.6097030639648438
N138S,-1.6367957592010498
N138Y,-1.6409790515899658
N138K,-1.6538294553756714
N138I,-1.6184855699539185
N138D,-1.6598334312438965
G139V,-1.653202772140503
G139S,-1.6483045816421509
G139R,-1.6361569166183472
G139D,-1.6442919969558716
G139C,-1.62349271774292
G139A,-1.6420364379882812
K140M,-1.659658432006836
K140N,-1.6245219707489014
K140E,-1.6187490224838257
K140R,-1.63413667678833
K140T,-1.6132842302322388
T141A,-1.630656599998474
T141S,-1.6213536262512207
T141P,-1.6619410514831543
T141N,-1.603235125541687
T141I,-1.6568702459335327
D142A,-1.6554652452468872
D142H,-1.664783596992493
D142G,-1.6339770555496216
D142Y,-1.627374291419983
D142E,-1.6403995752334597
D142V,-1.6513231992721558
D142N,-1.61994206905365
D143A,-1.628254532814026
D143E,-1.638794183731079
D143G,-1.6752020120620728
D143H,-1.6661115884780884
D143N,-1.6466792821884155
D143V,-1.6373730897903442
D143Y,-1.6073505878448486
K144R,-1.6471481323242188
K144Q,-1.6583733558654783
K144N,-1.6577030420303345
K144I,-1.6772984266281128
K144E,-1.6256935596466064
I145S,-1.6832764148712158
I145T,-1.6725714206695557
I145V,-1.6328272819519043
I145N,-1.6761592626571655
I145M,-1.651768684387207
I145L,-1.6724056005477903
I145F,-1.6671370267868042
N146I,-1.6497031450271606
N146D,-1.6298619508743286
N146H,-1.6500195264816284
N146K,-1.6411421298980713
N146S,-1.652230739593506
N146T,-1.6765564680099487
N146Y,-1.648115634918213
T147S,-1.6353437900543213
T147N,-1.6406757831573486
T147I,-1.613963961601257
T147A,-1.6221944093704224
K148Q,-1.6742299795150757
K148N,-1.6341028213500977
K148E,-1.6619958877563477
K148M,-1.654653549194336
K148T,-1.6314125061035156
K148R,-1.6297045946121216
H149N,-1.653785228729248
H149L,-1.6411538124084473
H149D,-1.6342037916183472
H149Y,-1.6288580894470217
H149R,-1.6246345043182373
H149Q,-1.6460435390472412
H149P,-1.671025276184082
L150R,-1.666364073753357
L150V,-1.6655343770980835
L150M,-1.650763988494873
L150P,-1.67034113407135
L150Q,-1.6901566982269287
P151Q,-1.6548975706100464
P151T,-1.6594748497009275
P151L,-1.6312720775604248
P151A,-1.6697381734848022
P151R,-1.6824995279312134
P151S,-1.6746171712875366
S152T,-1.6265987157821655
S152A,-1.6693191528320312
S152L,-1.650116205215454
S152P,-1.6345378160476685
T153N,-1.66575825214386
T153I,-1.6544638872146606
T153A,-1.6529903411865234
T153S,-1.5858008861541748
C154Y,-1.6820292472839355
C154G,-1.644917607307434
C154R,-1.6684798002243042
C154S,-1.6894898414611816
C154W,-1.681352138519287
C154F,-1.6874840259552002
R155S,-1.6476267576217651
R155G,-1.6535314321517944
R155H,-1.6531497240066528
R155L,-1.6445013284683228
R155C,-1.6851147413253784
R155P,-1.688896656036377
D156G,-1.6459559202194214
D156N,-1.6207897663116455
D156H,-1.6748994588851929
D156E,-1.6863460540771484
D156Y,-1.6575239896774292
D156V,-1.641339659690857
D157E,-1.6520171165466309
D157G,-1.645827054977417
D157H,-1.6253238916397097
D157N,-1.653243899345398
D157Y,-1.639470100402832
D157V,-1.642974615097046
S158T,-1.6617424488067627
S158P,-1.6331007480621338
S158A,-1.6300212144851685
S158L,-1.6551474332809448
S159P,-1.685394525527954
S159F,-1.6426939964294434
S159C,-1.7004928588867188
S159A,-1.6397522687911987
S159Y,-1.6281116008758545
S159T,-1.631761074066162
A160S,-1.661292552947998
A160T,-1.662028431892395
A160G,-1.6615742444992063
A160D,-1.6299550533294678
A160V,-1.6447705030441284
A160P,-1.6732524633407593
S161N,-1.6501415967941284
S161R,-1.6117204427719116
S161I,-1.6704940795898438
S161G,-1.6249960660934448
S161T,-1.6139458417892456
S161C,-1.65733540058136
